record_id,timestamp,source_cell_id,target_cell_id,rsrp_dbm,rsrq_db,sinr_db,handover_duration_ms,handover_result
1,2026-09-27 18:00:19,CELL-324,CELL-312,-87.8,-13.9,1.9,366,SUCCESS
2,2026-09-27 18:00:38,CELL-301,CELL-313,-97.9,-13.2,26.5,186,SUCCESS
3,2026-09-27 18:00:57,CELL-315,CELL-320,-89.4,-7.2,13.3,225,SUCCESS
4,2026-09-27 18:01:16,CELL-304,CELL-313,-96.8,-9.3,19.8,38,SUCCESS
5,2026-09-27 18:01:35,CELL-324,CELL-308,-97.7,-6.9,12.2,43,SUCCESS
6,2026-09-27 18:01:54,CELL-305,CELL-327,-88.7,-18.5,8.3,25,SUCCESS
7,2026-09-27 18:02:13,CELL-329,CELL-306,-113.8,-18.1,2.7,354,FAILURE
8,2026-09-27 18:02:32,CELL-306,CELL-313,-70.8,-15.4,17.8,118,SUCCESS
9,2026-09-27 18:02:51,CELL-310,CELL-327,-97.0,-8.5,29.1,49,SUCCESS
10,2026-09-27 18:03:10,CELL-325,CELL-312,-100.4,-8.6,7.1,229,SUCCESS
11,2026-09-27 18:03:29,CELL-317,CELL-328,-102.6,-14.8,29.1,320,SUCCESS
12,2026-09-27 18:03:48,CELL-302,CELL-330,-86.7,-12.4,15.0,183,SUCCESS
13,2026-09-27 18:04:07,CELL-329,CELL-323,-111.6,-7.0,18.7,384,FAILURE
14,2026-09-27 18:04:26,CELL-309,CELL-320,-87.4,-6.7,14.6,360,SUCCESS
15,2026-09-27 18:04:45,CELL-304,CELL-314,-117.3,-19.8,7.1,352,FAILURE
16,2026-09-27 18:05:04,CELL-314,CELL-323,-89.8,-19.6,-1.5,309,FAILURE
17,2026-09-27 18:05:23,CELL-325,CELL-305,-88.1,-6.8,23.2,64,SUCCESS
18,2026-09-27 18:05:42,CELL-300,CELL-311,-110.3,-9.8,22.7,125,SUCCESS
19,2026-09-27 18:06:01,CELL-330,CELL-301,-73.5,-16.2,10.0,144,SUCCESS
20,2026-09-27 18:06:20,CELL-307,CELL-327,-86.7,-12.9,16.1,57,SUCCESS
21,2026-09-27 18:06:39,CELL-315,CELL-319,-80.5,-18.8,2.3,41,SUCCESS
22,2026-09-27 18:06:58,CELL-330,CELL-301,-87.6,-12.4,25.5,375,SUCCESS
23,2026-09-27 18:07:17,CELL-320,CELL-312,-75.1,-14.1,24.8,210,SUCCESS
24,2026-09-27 18:07:36,CELL-307,CELL-306,-115.0,-11.7,20.7,307,FAILURE
25,2026-09-27 18:07:55,CELL-314,CELL-315,-100.8,-11.7,3.8,145,SUCCESS
26,2026-09-27 18:08:14,CELL-309,CELL-321,-95.4,-7.4,28.3,378,SUCCESS
27,2026-09-27 18:08:33,CELL-308,CELL-325,-109.0,-10.9,16.6,96,FAILURE
28,2026-09-27 18:08:52,CELL-318,CELL-324,-92.4,-8.2,6.9,141,SUCCESS
29,2026-09-27 18:09:11,CELL-318,CELL-306,-108.6,-6.0,18.9,344,FAILURE
30,2026-09-27 18:09:30,CELL-328,CELL-306,-79.4,-15.5,0.5,246,FAILURE
31,2026-09-27 18:09:49,CELL-301,CELL-322,-102.8,-6.7,6.8,91,SUCCESS
32,2026-09-27 18:10:08,CELL-304,CELL-323,-70.0,-14.1,-4.2,174,SUCCESS
33,2026-09-27 18:10:27,CELL-322,CELL-312,-104.0,-11.2,8.5,357,SUCCESS
34,2026-09-27 18:10:46,CELL-311,CELL-330,-86.1,-18.1,4.9,303,FAILURE
35,2026-09-27 18:11:05,CELL-313,CELL-310,-111.4,-17.2,23.1,363,FAILURE
36,2026-09-27 18:11:24,CELL-321,CELL-306,-99.4,-9.4,7.1,342,SUCCESS
37,2026-09-27 18:11:43,CELL-309,CELL-306,-77.5,-10.6,25.2,383,SUCCESS
38,2026-09-27 18:12:02,CELL-306,CELL-317,-119.1,-14.9,2.5,52,SUCCESS
39,2026-09-27 18:12:21,CELL-322,CELL-328,-89.8,-15.0,2.0,338,SUCCESS
40,2026-09-27 18:12:40,CELL-325,CELL-314,-90.4,-8.3,7.7,215,SUCCESS
41,2026-09-27 18:12:59,CELL-317,CELL-306,-116.1,-18.7,2.8,381,FAILURE
42,2026-09-27 18:13:18,CELL-326,CELL-327,-109.0,-6.1,18.3,109,SUCCESS
43,2026-09-27 18:13:37,CELL-323,CELL-307,-99.0,-16.1,3.5,54,SUCCESS
44,2026-09-27 18:13:56,CELL-302,CELL-315,-116.2,-19.2,21.4,181,FAILURE
45,2026-09-27 18:14:15,CELL-312,CELL-310,-94.1,-16.9,4.2,31,SUCCESS
46,2026-09-27 18:14:34,CELL-328,CELL-322,-84.0,-19.1,7.0,243,SUCCESS
47,2026-09-27 18:14:53,CELL-306,CELL-316,-102.9,-17.7,7.7,351,FAILURE
48,2026-09-27 18:15:12,CELL-314,CELL-300,-94.8,-19.8,-0.0,140,SUCCESS
49,2026-09-27 18:15:31,CELL-326,CELL-315,-92.6,-10.7,18.2,172,SUCCESS
50,2026-09-27 18:15:50,CELL-308,CELL-304,-118.5,-5.8,26.2,315,FAILURE
